<?xml version="1.0" encoding="UTF-8"?>
<metadata modelVersion="1.1.0">
  <groupId>com.goodsogood</groupId>
  <artifactId>log4j2-chain-monitor</artifactId>
  <version>1.0.0-SNAPSHOT</version>
  <versioning>
    <snapshot>
      <localCopy>true</localCopy>
    </snapshot>
    <lastUpdated>20201012075615</lastUpdated>
    <snapshotVersions>
      <snapshotVersion>
        <extension>jar</extension>
        <value>1.0.0-SNAPSHOT</value>
        <updated>20201012075615</updated>
      </snapshotVersion>
      <snapshotVersion>
        <extension>pom</extension>
        <value>1.0.0-SNAPSHOT</value>
        <updated>20201012075615</updated>
      </snapshotVersion>
    </snapshotVersions>
  </versioning>
</metadata>
